Parameter,Variable,Variable Location
BAT_LOW_THR,_param_handles.low_thr,././src/lib/battery/battery.cpp
BAT_CRIT_THR,_param_handles.crit_thr,././src/lib/battery/battery.cpp
BAT_EMERGEN_THR,_param_handles.emergen_thr,././src/lib/battery/battery.cpp
BAT_V_EMPTY,_param_handles.v_empty_old,././src/lib/battery/battery.cpp
BAT_V_CHARGED,_param_handles.v_charged_old,././src/lib/battery/battery.cpp
BAT_N_CELLS,_param_handles.n_cells_old,././src/lib/battery/battery.cpp
BAT_CAPACITY,_param_handles.capacity_old,././src/lib/battery/battery.cpp
BAT_V_LOAD_DROP,_param_handles.v_load_drop_old,././src/lib/battery/battery.cpp
BAT_R_INTERNAL,_param_handles.r_internal_old,././src/lib/battery/battery.cpp
BAT_SOURCE,_param_handles.source_old,././src/lib/battery/battery.cpp
MPC_ACC_HOR,_handle_param_acceleration_hor,././src/modules/navigator/precland.cpp
MPC_XY_CRUISE,_handle_param_xy_vel_cruise,././src/modules/navigator/precland.cpp
VT_B_DEC_MSS,_handle_back_trans_dec_mss,././src/modules/navigator/navigator_main.cpp
VT_B_REV_DEL,_handle_reverse_delay,././src/modules/navigator/navigator_main.cpp
SENS_DPRES_OFF,_parameter_handles.diff_pres_offset_pa,././src/modules/sensors/sensors.cpp
SENS_DPRES_ANSC,_parameter_handles.diff_pres_analog_scale,././src/modules/sensors/sensors.cpp
CAL_AIR_CMODEL,_parameter_handles.air_cmodel,././src/modules/sensors/sensors.cpp
CAL_AIR_TUBELEN,_parameter_handles.air_tube_length,././src/modules/sensors/sensors.cpp
CAL_AIR_TUBED_MM,_parameter_handles.air_tube_diameter_mm,././src/modules/sensors/sensors.cpp
RC_MAP_TRANS_SW,trans_parm,././src/modules/commander/Arming/PreFlightCheck/checks/rcCalibrationCheck.cpp
COM_ARM_AUTH,param_arm_parameters,././src/modules/commander/Arming/ArmAuthorization/ArmAuthorization.cpp
MC_AIRMODE,param_airmode,././src/modules/commander/Commander.cpp
RC_MAP_ARM_SW,param_rc_map_arm_switch,././src/modules/commander/Commander.cpp
SENS_BOARD_X_OFF,roll_offset_handle,././src/modules/commander/level_calibration.cpp
SENS_BOARD_Y_OFF,pitch_offset_handle,././src/modules/commander/level_calibration.cpp
VT_IDLE_PWM_MC,_params_handles.idle_pwm_mc,././src/modules/vtol_att_control/vtol_att_control_main.cpp
VT_MOT_ID,_params_handles.vtol_motor_id,././src/modules/vtol_att_control/vtol_att_control_main.cpp
VT_FW_PERM_STAB,_params_handles.vtol_fw_permanent_stab,././src/modules/vtol_att_control/vtol_att_control_main.cpp
VT_TYPE,_params_handles.vtol_type,././src/modules/vtol_att_control/vtol_att_control_main.cpp
VT_ELEV_MC_LOCK,_params_handles.elevons_mc_lock,././src/modules/vtol_att_control/vtol_att_control_main.cpp
VT_FW_MIN_ALT,_params_handles.fw_min_alt,././src/modules/vtol_att_control/vtol_att_control_main.cpp
VT_FW_ALT_ERR,_params_handles.fw_alt_err,././src/modules/vtol_att_control/vtol_att_control_main.cpp
VT_FW_QC_P,_params_handles.fw_qc_max_pitch,././src/modules/vtol_att_control/vtol_att_control_main.cpp
VT_FW_QC_R,_params_handles.fw_qc_max_roll,././src/modules/vtol_att_control/vtol_att_control_main.cpp
VT_F_TR_OL_TM,_params_handles.front_trans_time_openloop,././src/modules/vtol_att_control/vtol_att_control_main.cpp
VT_TRANS_MIN_TM,_params_handles.front_trans_time_min,././src/modules/vtol_att_control/vtol_att_control_main.cpp
VT_F_TRANS_DUR,_params_handles.front_trans_duration,././src/modules/vtol_att_control/vtol_att_control_main.cpp
VT_B_TRANS_DUR,_params_handles.back_trans_duration,././src/modules/vtol_att_control/vtol_att_control_main.cpp
VT_ARSP_TRANS,_params_handles.transition_airspeed,././src/modules/vtol_att_control/vtol_att_control_main.cpp
VT_F_TRANS_THR,_params_handles.front_trans_throttle,././src/modules/vtol_att_control/vtol_att_control_main.cpp
VT_B_TRANS_THR,_params_handles.back_trans_throttle,././src/modules/vtol_att_control/vtol_att_control_main.cpp
VT_ARSP_BLEND,_params_handles.airspeed_blend,././src/modules/vtol_att_control/vtol_att_control_main.cpp
FW_ARSP_MODE,_params_handles.airspeed_mode,././src/modules/vtol_att_control/vtol_att_control_main.cpp
VT_TRANS_TIMEOUT,_params_handles.front_trans_timeout,././src/modules/vtol_att_control/vtol_att_control_main.cpp
MPC_XY_CRUISE,_params_handles.mpc_xy_cruise,././src/modules/vtol_att_control/vtol_att_control_main.cpp
VT_FW_MOT_OFFID,_params_handles.fw_motors_off,././src/modules/vtol_att_control/vtol_att_control_main.cpp
VT_FW_DIFTHR_EN,_params_handles.diff_thrust,././src/modules/vtol_att_control/vtol_att_control_main.cpp
VT_FW_DIFTHR_SC,_params_handles.diff_thrust_scale,././src/modules/vtol_att_control/vtol_att_control_main.cpp
VT_B_DEC_FF,_params_handles.dec_to_pitch_ff,././src/modules/vtol_att_control/vtol_att_control_main.cpp
VT_B_DEC_I,_params_handles.dec_to_pitch_i,././src/modules/vtol_att_control/vtol_att_control_main.cpp
VT_B_DEC_MSS,_params_handles.back_trans_dec_sp,././src/modules/vtol_att_control/vtol_att_control_main.cpp
VT_DWN_PITCH_MAX,_params_handles.down_pitch_max,././src/modules/vtol_att_control/vtol_att_control_main.cpp
VT_FWD_THRUST_SC,_params_handles.forward_thrust_scale,././src/modules/vtol_att_control/vtol_att_control_main.cpp
VT_MC_ON_FMU,_params_handles.vt_mc_on_fmu,././src/modules/vtol_att_control/vtol_att_control_main.cpp
VT_FWD_THRUST_EN,_params_handles.vt_forward_thrust_enable_mode,././src/modules/vtol_att_control/vtol_att_control_main.cpp
MPC_LAND_ALT1,_params_handles.mpc_land_alt1,././src/modules/vtol_att_control/vtol_att_control_main.cpp
MPC_LAND_ALT2,_params_handles.mpc_land_alt2,././src/modules/vtol_att_control/vtol_att_control_main.cpp
VT_DWN_PITCH_MAX,_params_handles.down_pitch_max,././src/modules/vtol_att_control/vtol_att_control_main.cpp
VT_FWD_THRUST_SC,_params_handles.forward_thrust_scale,././src/modules/vtol_att_control/vtol_att_control_main.cpp
FW_PSP_OFF,_params_handles_tailsitter.fw_pitch_sp_offset,././src/modules/vtol_att_control/tailsitter.cpp
VT_TILT_MC,_params_handles_tiltrotor.tilt_mc,././src/modules/vtol_att_control/tiltrotor.cpp
VT_TILT_TRANS,_params_handles_tiltrotor.tilt_transition,././src/modules/vtol_att_control/tiltrotor.cpp
VT_TILT_FW,_params_handles_tiltrotor.tilt_fw,././src/modules/vtol_att_control/tiltrotor.cpp
VT_TILT_SPINUP,_params_handles_tiltrotor.tilt_spinup,././src/modules/vtol_att_control/tiltrotor.cpp
VT_TRANS_P2_DUR,_params_handles_tiltrotor.front_trans_dur_p2,././src/modules/vtol_att_control/tiltrotor.cpp
VT_PSHER_RMP_DT,_params_handles_standard.pusher_ramp_dt,././src/modules/vtol_att_control/standard.cpp
VT_B_TRANS_RAMP,_params_handles_standard.back_trans_ramp,././src/modules/vtol_att_control/standard.cpp
FW_PSP_OFF,_params_handles_standard.pitch_setpoint_offset,././src/modules/vtol_att_control/standard.cpp
VT_B_REV_OUT,_params_handles_standard.reverse_output,././src/modules/vtol_att_control/standard.cpp
VT_B_REV_DEL,_params_handles_standard.reverse_delay,././src/modules/vtol_att_control/standard.cpp
MAV_SYS_ID,handle,././src/modules/vmount/input_mavlink.cpp
MAV_COMP_ID,handle,././src/modules/vmount/input_mavlink.cpp
MNT_MODE_IN,param_handles.mnt_mode_in,././src/modules/vmount/vmount.cpp
MNT_MODE_OUT,param_handles.mnt_mode_out,././src/modules/vmount/vmount.cpp
MNT_MAV_SYSID,param_handles.mnt_mav_sysid,././src/modules/vmount/vmount.cpp
MNT_MAV_COMPID,param_handles.mnt_mav_compid,././src/modules/vmount/vmount.cpp
MNT_OB_LOCK_MODE,param_handles.mnt_ob_lock_mode,././src/modules/vmount/vmount.cpp
MNT_OB_NORM_MODE,param_handles.mnt_ob_norm_mode,././src/modules/vmount/vmount.cpp
MNT_MAN_PITCH,param_handles.mnt_man_pitch,././src/modules/vmount/vmount.cpp
MNT_MAN_ROLL,param_handles.mnt_man_roll,././src/modules/vmount/vmount.cpp
MNT_MAN_YAW,param_handles.mnt_man_yaw,././src/modules/vmount/vmount.cpp
MNT_DO_STAB,param_handles.mnt_do_stab,././src/modules/vmount/vmount.cpp
MNT_RANGE_PITCH,param_handles.mnt_range_pitch,././src/modules/vmount/vmount.cpp
MNT_RANGE_ROLL,param_handles.mnt_range_roll,././src/modules/vmount/vmount.cpp
MNT_RANGE_YAW,param_handles.mnt_range_yaw,././src/modules/vmount/vmount.cpp
MNT_OFF_PITCH,param_handles.mnt_off_pitch,././src/modules/vmount/vmount.cpp
MNT_OFF_ROLL,param_handles.mnt_off_roll,././src/modules/vmount/vmount.cpp
MNT_OFF_YAW,param_handles.mnt_off_yaw,././src/modules/vmount/vmount.cpp
VT_ARSP_TRANS,_param_handle_airspeed_trans,././src/modules/fw_pos_control_l1/FixedwingPositionControl.cpp
MPC_LAND_SPEED,_paramHandle.landSpeed,././src/modules/land_detector/MulticopterLandDetector.cpp
MPC_MANTHR_MIN,_paramHandle.minManThrottle,././src/modules/land_detector/MulticopterLandDetector.cpp
MPC_THR_MIN,_paramHandle.minThrottle,././src/modules/land_detector/MulticopterLandDetector.cpp
MPC_USE_HTE,_paramHandle.useHoverThrustEstimate,././src/modules/land_detector/MulticopterLandDetector.cpp
MPC_THR_HOVER,_paramHandle.hoverThrottle,././src/modules/land_detector/MulticopterLandDetector.cpp
BAT_V_OFFS_CURR,_analog_param_handles.v_offs_cur,././src/modules/battery_status/analog_battery.cpp
BAT_V_DIV,_analog_param_handles.v_div_old,././src/modules/battery_status/analog_battery.cpp
BAT_A_PER_V,_analog_param_handles.a_per_v_old,././src/modules/battery_status/analog_battery.cpp
BAT_ADC_CHANNEL,_analog_param_handles.adc_channel_old,././src/modules/battery_status/analog_battery.cpp
TC_G_ENABLE,parameter_handles.gyro_tc_enable,././src/modules/temperature_compensation/TemperatureCompensation.cpp
TC_A_ENABLE,parameter_handles.accel_tc_enable,././src/modules/temperature_compensation/TemperatureCompensation.cpp
TC_B_ENABLE,parameter_handles.baro_tc_enable,././src/modules/temperature_compensation/TemperatureCompensation.cpp
COM_FLIGHT_UUID,_param_com_flight_uuid,././src/modules/mavlink/streams/FLIGHT_INFORMATION.hpp
LTEST_ACC_UNC,_paramHandle.acc_unc,././src/modules/landing_target_estimator/LandingTargetEstimator.cpp
LTEST_MEAS_UNC,_paramHandle.meas_unc,././src/modules/landing_target_estimator/LandingTargetEstimator.cpp
LTEST_POS_UNC_IN,_paramHandle.pos_unc_init,././src/modules/landing_target_estimator/LandingTargetEstimator.cpp
LTEST_VEL_UNC_IN,_paramHandle.vel_unc_init,././src/modules/landing_target_estimator/LandingTargetEstimator.cpp
LTEST_MODE,_paramHandle.mode,././src/modules/landing_target_estimator/LandingTargetEstimator.cpp
LTEST_SCALE_X,_paramHandle.scale_x,././src/modules/landing_target_estimator/LandingTargetEstimator.cpp
LTEST_SCALE_Y,_paramHandle.scale_y,././src/modules/landing_target_estimator/LandingTargetEstimator.cpp
MKBLCTRL_TEST,_param_indicate_esc,././src/drivers/mkblctrl/mkblctrl.cpp
MC_AIRMODE,param_handle,././src/drivers/linux_pwm_out/linux_pwm_out.cpp
SENS_FLOW_ROT,rot,././src/drivers/optical_flow/pmw3901/PMW3901.cpp
SENS_FLOW_ROT,rot,././src/drivers/optical_flow/thoneflow/thoneflow.cpp
SENS_FLOW_ROT,rot,././src/drivers/optical_flow/px4flow/px4flow.cpp
SENS_FLOW_MINHGT,hmin,././src/drivers/optical_flow/px4flow/px4flow.cpp
SENS_FLOW_MAXHGT,hmax,././src/drivers/optical_flow/px4flow/px4flow.cpp
SENS_FLOW_MAXR,ratemax,././src/drivers/optical_flow/px4flow/px4flow.cpp
SENS_FLOW_ROT,rot,././src/drivers/optical_flow/paw3902/PAW3902.cpp
GPS_DUMP_COMM,gps_dump_comm_ph,././src/drivers/gps/gps.cpp
GPS_YAW_OFFSET,handle,././src/drivers/gps/gps.cpp
GPS_UBX_DYNMODEL,handle,././src/drivers/gps/gps.cpp
ISBD_READ_INT,param_pointer,././src/drivers/telemetry/iridiumsbd/IridiumSBD.cpp
ISBD_SBD_TIMEOUT,param_pointer,././src/drivers/telemetry/iridiumsbd/IridiumSBD.cpp
ISBD_STACK_TIME,param_pointer,././src/drivers/telemetry/iridiumsbd/IridiumSBD.cpp
MC_AIRMODE,param_handle,././src/drivers/snapdragon_pwm_out/snapdragon_pwm_out.cpp
CAM_CAP_DELAY,_p_strobe_delay,././src/drivers/camera_capture/camera_capture.cpp
CAM_CAP_MODE,_p_camera_capture_mode,././src/drivers/camera_capture/camera_capture.cpp
CAM_CAP_EDGE,_p_camera_capture_edge,././src/drivers/camera_capture/camera_capture.cpp
PWM_MAX,param_h,././src/drivers/pca9685_pwm_out/main.cpp
PWM_MIN,param_h,././src/drivers/pca9685_pwm_out/main.cpp
PWM_RATE,param_h,././src/drivers/pca9685_pwm_out/main.cpp
SYS_RESTART_TYPE,sys_restart_param,././src/drivers/px4io/px4io.cpp
MAV_SYS_ID,sys_id_param,././src/drivers/px4io/px4io.cpp
MAV_COMP_ID,comp_id_param,././src/drivers/px4io/px4io.cpp
RC_FAILS_THR,failsafe_param,././src/drivers/px4io/px4io.cpp
SENS_EN_THERMAL,thermal_param,././src/drivers/px4io/px4io.cpp
TRIM_ROLL,parm_handle,././src/drivers/px4io/px4io.cpp
TRIM_PITCH,parm_handle,././src/drivers/px4io/px4io.cpp
TRIM_YAW,parm_handle,././src/drivers/px4io/px4io.cpp
FW_MAN_R_SC,parm_handle,././src/drivers/px4io/px4io.cpp
FW_MAN_P_SC,parm_handle,././src/drivers/px4io/px4io.cpp
FW_MAN_Y_SC,parm_handle,././src/drivers/px4io/px4io.cpp
PWM_SBUS_MODE,parm_handle,././src/drivers/px4io/px4io.cpp
THR_MDL_FAC,parm_handle,././src/drivers/px4io/px4io.cpp
MOT_SLEW_MAX,parm_handle,././src/drivers/px4io/px4io.cpp
MC_AIRMODE,parm_handle,././src/drivers/px4io/px4io.cpp
TRIG_INTERVAL,_p_interval,././src/drivers/camera_trigger/camera_trigger.cpp
TRIG_MIN_INTERVA,_p_min_interval,././src/drivers/camera_trigger/camera_trigger.cpp
TRIG_DISTANCE,_p_distance,././src/drivers/camera_trigger/camera_trigger.cpp
TRIG_ACT_TIME,_p_activation_time,././src/drivers/camera_trigger/camera_trigger.cpp
TRIG_MODE,_p_mode,././src/drivers/camera_trigger/camera_trigger.cpp
TRIG_INTERFACE,_p_interface,././src/drivers/camera_trigger/camera_trigger.cpp
CAM_CAP_FBACK,_p_cam_cap_fback,././src/drivers/camera_trigger/camera_trigger.cpp
TRIG_PINS,_p_pin,././src/drivers/camera_trigger/interfaces/src/camera_interface.cpp
TRIG_POLARITY,_p_polarity,././src/drivers/camera_trigger/interfaces/src/gpio.cpp
INA226_CURRENT,ph,././src/drivers/power_monitor/ina226/ina226.cpp
INA226_SHUNT,ph,././src/drivers/power_monitor/ina226/ina226.cpp
INA226_CONFIG,ph,././src/drivers/power_monitor/ina226/ina226.cpp
VOXLPM_SHUNT_BAT,ph,././src/drivers/power_monitor/voxlpm/voxlpm.cpp
VOXLPM_SHUNT_REG,ph,././src/drivers/power_monitor/voxlpm/voxlpm.cpp
TEST_RC_X,p0,././src/systemcmds/tests/test_parameters.cpp
TEST_RC2_X,p1,././src/systemcmds/tests/test_parameters.cpp
TEST_1,p2,././src/systemcmds/tests/test_parameters.cpp
TEST_2,p3,././src/systemcmds/tests/test_parameters.cpp
TEST_3,p4,././src/systemcmds/tests/test_parameters.cpp
TEST_2,param,././src/systemcmds/tests/test_parameters.cpp
TEST_PARAMS,p,././src/systemcmds/tests/test_param.c
